{
    "sources": [
        [
            636.0, 
            115.0, 
            20.0
        ]
    ], 
    "circle_obstacles": [
        [
            255.0, 
            538.0, 
            50.0
        ], 
        [
            556.0, 
            239.0, 
            65.85590330410787
        ]
    ], 
    "parameter": [
        [
            "status", 
            "status: x: 266, y:322"
        ], 
        [
            "block_type", 
            1
        ], 
        [
            "clock", 
            0.01
        ], 
        [
            "attract", 
            1.0
        ], 
        [
            "resolution", 
            10.0
        ], 
        [
            "stride", 
            1.0
        ], 
        [
            "alpha", 
            1.0
        ], 
        [
            "ball_size", 
            10
        ], 
        [
            "momentum", 
            0.5
        ]
    ], 
    "goals": [
        [
            97.0, 
            585.0, 
            20.0
        ]
    ], 
    "rectangle_obstacles": [
        [
            157.0, 
            243.0, 
            357.0, 
            393.0
        ]
    ]
}